1|Bogdan Djukic|21|1|6|1
2|Mateja Jovanovic|22|1|6|1
3|Mateja Jovanoic|23|1|6|1
4|Bogdan Djukic|24|1|6|0
5|test test|0|1|6|0
6|Mateja Jovanovic|0|1|6|0
7|Mateja Jovanovicccc|0|1|6|0
8|marko markovic|0|2|6|0
9|bogdan djukic|0|2|6|0
10|Marko Markovic|8|5|6|12
11|Dragica Markovic|67|5|6|12
12|Marko Jankovic|22|5|6|15
13|Mirko Jovanovic|23|5|6|15
14|Jovica Simic|21|5|6|13
15|Prva Osoba|0|5|6|0
16|Druga Osobic|0|5|6|0
17|test test|0|5|6|0
18|test test|0|5|6|0
19|a a|0|32|12|0
20|a a|0|32|12|0
21|Gost Gostic|0|32|12|1
22|Gost gostic|0|32|12|1
23|Mateja Jovanovic|0|32|12|0
24|mateja jovanovic|0|32|12|0
25|sa sa|0|32|12|0
26|mateja jov|0|32|12|0
27|sa sa|0|32|12|0
28|as as|0|32|12|0
29|Mateja Jovanovic|0|32|12|0
30|Mateja Jovanovic|0|32|12|0
31|Mateja Jovanovic|0|32|12|0
32|sa sa|0|32|12|0
33|sa sa|0|32|12|0
34|sa sa|10|32|12|0
35|sa sa|10|32|12|0
36|sa sa|10|32|12|0
37|sa sa|10|32|12|0
38|Mateja Jovanovic|20|32|12|0
39|Pera Mitric|10|32|12|0
40|Jovan Jovanovic|10|32|12|0
41|Mateja Jovanovic|10|32|12|0
42|Pea Petric|20|32|12|0
43|Jovan Jovanovic|20|32|12|0
44|Mateja Jovanovic|10|32|12|0
45|Petar Petrovic|20|32|12|0
46|Mitar Miric|20|32|12|0
47|Mateja Testic|10|32|12|0
48|Mateja Jovanovic|10|32|12|0
49|Mateja Jovanovic|10|32|12|0
50|Pera Peric|20|32|12|0
51|Pera Petric|20|32|12|0
52|sa sa|10|32|12|0
53|sa sa|10|32|12|0
54|sas a|1|32|12|0
55|sa sa|10|32|12|0
56|sa sa|10|32|12|0
57|sa sa|10|32|12|0
58|torima ma|10|32|12|0
59|ma sa|10|32|12|0
60|sa sa|10|32|12|0
61|a sa|10|32|12|0
62|sa sa|20|32|12|0
63|sa sa|1|32|12|0
